timestamp,original_timestamp,0
4.911780506543437,11910.750164467192,"2026-05-17 16:42:35.974,BCI,TrainBCI,Hover_Enter,Button: StartTrainBCI,Hovering"
4.9122895065447665,11910.750673467193,"2026-05-17 16:42:35.974,BCI,TrainBCI,Dwell_Start,Button: StartTrainBCI,Dwell_Started"
6.9088740016250085,11912.747257962274,"2026-05-17 16:42:37.972,BCI,TrainBCI,Dwell,Button: StartTrainBCI,Dwelling_Completed"
6.909090201625077,11912.747474162274,"2026-05-17 16:42:37.972,BCI,TrainBCI,Flicker,StartTrainBCI,Flicker_Start"
8.918857496673809,11914.757241457322,"2026-05-17 16:42:39.982,BCI,TrainBCI,Flicker,StartTrainBCI,Flicker_End"
8.963059796566085,11914.801443757215,"2026-05-17 16:42:40.026,BCI,TrainBCI,BCI_Command_Received,100,FlickerDetected"
8.963625196565772,11914.802009157214,"2026-05-17 16:42:40.026,BCI,TrainBCI,Action_Executed,Button: StartTrainBCI; Action: ButtonAction,Execution_Proceeding"
8.964318396563613,11914.802702357212,"2026-05-17 16:42:40.027,BCI,TrainBCI,Training_Active_Door1_Start,Door_Single,Training_Active_Door1_Start"
12.972825986689713,11918.811209947338,"2026-05-17 16:42:44.036,BCI,TrainBCI,Training_Active_Door1_End,Door_Single,Training_Active_Door1_End"
13.482793785433387,11919.321177746082,"2026-05-17 16:42:44.546,BCI,TrainBCI,Training_Imagery_Door1_Start,Door_Single,Training_Imagery_Door1_Start"
17.49130097556008,11923.329684936209,"2026-05-17 16:42:48.554,BCI,TrainBCI,Training_Imagery_Door1_End,Door_Single,Training_Imagery_Door1_End"
17.49148957555917,11923.329873536208,"2026-05-17 16:42:48.554,BCI,TrainBCI,Training_Active_Door1_Start,Door_Single,Training_Active_Door1_Start"
19.94697556951178,11925.78535953016,"2026-05-17 16:42:51.010,BCI,TrainBCI,BCI_Command_Received,201,TrainObj1ActiveComplete"
19.94742316950942,11925.785807130158,"2026-05-17 16:42:51.010,BCI,TrainBCI,Training_Active_Door1_Start,Door_Single,Door:1:"
21.502192265679696,11927.340576226328,"2026-05-17 16:42:52.565,BCI,TrainBCI,Training_Active_Door1_End,Door_Single,Training_Active_Door1_End"
22.011082064427683,11927.849466025076,"2026-05-17 16:42:53.074,BCI,TrainBCI,Training_Imagery_Door1_Start,Door_Single,Training_Imagery_Door1_Start"
24.888131557339875,11930.726515517988,"2026-05-17 16:42:55.951,BCI,TrainBCI,BCI_Command_Received,203,TrainObj1ImageryComplete"
24.888235157341114,11930.72661911799,"2026-05-17 16:42:55.951,BCI,TrainBCI,Training_Imagery_Door1_Start,Door_Single,Door:1:"
26.02074455454931,11931.859128515198,"2026-05-17 16:42:57.084,BCI,TrainBCI,Training_Imagery_Door1_End,Door_Single,Training_Imagery_Door1_End"
26.020922554549543,11931.859306515198,"2026-05-17 16:42:57.084,BCI,TrainBCI,Training_Active_Door1_Start,Door_Single,Training_Active_Door1_Start"
28.054215849540924,11933.89259981019,"2026-05-17 16:42:59.117,BCI,TrainBCI,BCI_Command_Received,201,TrainObj1ActiveComplete"
28.054318549540767,11933.89270251019,"2026-05-17 16:42:59.117,BCI,TrainBCI,Training_Active_Door1_Start,Door_Single,Door:1:"
30.02964634467571,11935.868030305324,"2026-05-17 16:43:01.093,BCI,TrainBCI,Training_Active_Door1_End,Door_Single,Training_Active_Door1_End"
30.530923643442293,11936.36930760409,"2026-05-17 16:43:01.594,BCI,TrainBCI,Training_Imagery_Door1_Start,Door_Single,Training_Imagery_Door1_Start"
32.55068783846582,11938.389071799114,"2026-05-17 16:43:03.614,BCI,TrainBCI,BCI_Command_Received,203,TrainObj1ImageryComplete"
32.55081713846448,11938.389201099113,"2026-05-17 16:43:03.614,BCI,TrainBCI,Training_Imagery_Door1_Start,Door_Single,Door:1:"
34.53894253356884,11940.377326494217,"2026-05-17 16:43:05.602,BCI,TrainBCI,Training_Imagery_Door1_End,Door_Single,Training_Imagery_Door1_End"
34.53914053356857,11940.377524494217,"2026-05-17 16:43:05.602,BCI,TrainBCI,Training_Active_Door1_Start,Door_Single,Training_Active_Door1_Start"
36.56081922858721,11942.399203189236,"2026-05-17 16:43:07.624,BCI,TrainBCI,BCI_Command_Received,201,TrainObj1ActiveComplete"
36.56101802858757,11942.399401989236,"2026-05-17 16:43:07.624,BCI,TrainBCI,Training_Active_Door1_Start,Door_Single,Door:1:"
38.54671672369659,11944.385100684345,"2026-05-17 16:43:09.610,BCI,TrainBCI,Training_Active_Door1_End,Door_Single,Training_Active_Door1_End"
39.057793822437816,11944.896177783086,"2026-05-17 16:43:10.121,BCI,TrainBCI,Training_Imagery_Door1_Start,Door_Single,Training_Imagery_Door1_Start"
41.10113111740429,11946.939515078053,"2026-05-17 16:43:12.164,BCI,TrainBCI,BCI_Command_Received,203,TrainObj1ImageryComplete"
41.10136371740373,11946.939747678052,"2026-05-17 16:43:12.164,BCI,TrainBCI,Training_Imagery_Door1_Start,Door_Single,Door:1:"
43.06668011256261,11948.905064073211,"2026-05-17 16:43:14.130,BCI,TrainBCI,Training_Imagery_Door1_End,Door_Single,Training_Imagery_Door1_End"
43.06686771256318,11948.905251673212,"2026-05-17 16:43:14.130,BCI,TrainBCI,Training_Active_Door1_Start,Door_Single,Training_Active_Door1_Start"
45.08940900757989,11950.927792968228,"2026-05-17 16:43:16.152,BCI,TrainBCI,BCI_Command_Received,201,TrainObj1ActiveComplete"
45.08952340757969,11950.927907368228,"2026-05-17 16:43:16.152,BCI,TrainBCI,Training_Active_Door1_Start,Door_Single,Door:1:"
47.07556890268825,11952.913952863337,"2026-05-17 16:43:18.139,BCI,TrainBCI,Training_Active_Door1_End,Door_Single,Training_Active_Door1_End"
47.58653580143073,11953.42491976208,"2026-05-17 16:43:18.650,BCI,TrainBCI,Training_Imagery_Door1_Start,Door_Single,Training_Imagery_Door1_Start"
49.59777059647604,11955.436154557125,"2026-05-17 16:43:20.661,BCI,TrainBCI,BCI_Command_Received,203,TrainObj1ImageryComplete"
49.59790689647525,11955.436290857124,"2026-05-17 16:43:20.661,BCI,TrainBCI,Training_Imagery_Door1_Start,Door_Single,Door:1:"
51.59541149155484,11957.433795452203,"2026-05-17 16:43:22.658,BCI,TrainBCI,Training_Imagery_Door1_End,Door_Single,Training_Imagery_Door1_End"
51.59558779155486,11957.433971752203,"2026-05-17 16:43:22.658,BCI,TrainBCI,Training_Active_Door1_Start,Door_Single,Training_Active_Door1_Start"
53.59788578662301,11959.436269747272,"2026-05-17 16:43:24.661,BCI,TrainBCI,BCI_Command_Received,201,TrainObj1ActiveComplete"
53.598001886623024,11959.436385847272,"2026-05-17 16:43:24.661,BCI,TrainBCI,Training_Active_Door1_Start,Door_Single,Door:1:"
55.60520698167966,11961.443590942328,"2026-05-17 16:43:26.668,BCI,TrainBCI,Training_Active_Door1_End,Door_Single,Training_Active_Door1_End"
56.11529128042275,11961.953675241071,"2026-05-17 16:43:27.178,BCI,TrainBCI,Training_Imagery_Door1_Start,Door_Single,Training_Imagery_Door1_Start"
58.114225075498325,11963.952609036147,"2026-05-17 16:43:29.177,BCI,TrainBCI,BCI_Command_Received,203,TrainObj1ImageryComplete"
58.11437877549906,11963.952762736148,"2026-05-17 16:43:29.177,BCI,TrainBCI,Training_Imagery_Door1_Start,Door_Single,Door:1:"
60.1242937705465,11965.962677731195,"2026-05-17 16:43:31.187,BCI,TrainBCI,Training_Imagery_Door1_End,Door_Single,Training_Imagery_Door1_End"
60.124485670547074,11965.962869631196,"2026-05-17 16:43:31.187,BCI,TrainBCI,Training_Active_Door1_Start,Door_Single,Training_Active_Door1_Start"
62.13545646559396,11967.973840426243,"2026-05-17 16:43:33.198,BCI,TrainBCI,BCI_Command_Received,201,TrainObj1ActiveComplete"
62.13559406559216,11967.97397802624,"2026-05-17 16:43:33.198,BCI,TrainBCI,Training_Active_Door1_Start,Door_Single,Door:1:"
64.13376316067115,11969.97214712132,"2026-05-17 16:43:35.197,BCI,TrainBCI,Training_Active_Door1_End,Door_Single,Training_Active_Door1_End"
64.64512075941093,11970.48350472006,"2026-05-17 16:43:35.708,BCI,TrainBCI,Training_Imagery_Door1_Start,Door_Single,Training_Imagery_Door1_Start"
66.62897085452641,11972.467354815175,"2026-05-17 16:43:37.692,BCI,TrainBCI,BCI_Command_Received,203,TrainObj1ImageryComplete"
66.62910545452542,11972.467489415174,"2026-05-17 16:43:37.692,BCI,TrainBCI,Training_Imagery_Door1_Start,Door_Single,Door:1:"
68.65416354953595,11974.492547510185,"2026-05-17 16:43:39.717,BCI,TrainBCI,Training_Imagery_Door1_End,Door_Single,Training_Imagery_Door1_End"
68.65439884953594,11974.492782810185,"2026-05-17 16:43:39.717,BCI,TrainBCI,Training_Active_Door1_Start,Door_Single,Training_Active_Door1_Start"
70.64237534463973,11976.480759305288,"2026-05-17 16:43:41.705,BCI,TrainBCI,BCI_Command_Received,201,TrainObj1ActiveComplete"
70.64250294464,11976.480886905289,"2026-05-17 16:43:41.705,BCI,TrainBCI,Training_Active_Door1_Start,Door_Single,Door:1:"
72.66310613966198,11978.50149010031,"2026-05-17 16:43:43.726,BCI,TrainBCI,Training_Active_Door1_End,Door_Single,Training_Active_Door1_End"
73.17369493840488,11979.012078899053,"2026-05-17 16:43:44.237,BCI,TrainBCI,Training_Imagery_Door1_Start,Door_Single,Training_Imagery_Door1_Start"
75.20637153339885,11981.044755494047,"2026-05-17 16:43:46.269,BCI,TrainBCI,BCI_Command_Received,203,TrainObj1ImageryComplete"
75.20647093339903,11981.044854894048,"2026-05-17 16:43:46.269,BCI,TrainBCI,Training_Imagery_Door1_Start,Door_Single,Door:1:"
77.18310042852863,11983.021484389177,"2026-05-17 16:43:48.246,BCI,TrainBCI,Training_Imagery_Door1_End,Door_Single,Training_Imagery_Door1_End"
77.18327912852874,11983.021663089177,"2026-05-17 16:43:48.246,BCI,TrainBCI,Training_Active_Door1_Start,Door_Single,Training_Active_Door1_Start"
79.19226262357915,11985.030646584228,"2026-05-17 16:43:50.255,BCI,TrainBCI,BCI_Command_Received,201,TrainObj1ActiveComplete"
79.19236112357976,11985.030745084228,"2026-05-17 16:43:50.255,BCI,TrainBCI,Training_Active_Door1_Start,Door_Single,Door:1:"
81.1927525186511,11987.0311364793,"2026-05-17 16:43:52.256,BCI,TrainBCI,Training_Active_Door1_End,Door_Single,Training_Active_Door1_End"
81.70021771740176,11987.53860167805,"2026-05-17 16:43:52.763,BCI,TrainBCI,Training_Imagery_Door1_Start,Door_Single,Training_Imagery_Door1_Start"
83.71251551244495,11989.550899473094,"2026-05-17 16:43:54.775,BCI,TrainBCI,BCI_Command_Received,203,TrainObj1ImageryComplete"
83.71263601244573,11989.551019973094,"2026-05-17 16:43:54.775,BCI,TrainBCI,Training_Imagery_Door1_Start,Door_Single,Door:1:"
85.71045990752464,11991.548843868173,"2026-05-17 16:43:56.773,BCI,TrainBCI,Training_Imagery_Door1_End,Door_Single,Training_Imagery_Door1_End"
85.71067600752394,11991.549059968173,"2026-05-17 16:43:56.773,BCI,TrainBCI,Training_Active_Door1_Start,Door_Single,Training_Active_Door1_Start"
87.75622160248713,11993.594605563136,"2026-05-17 16:43:58.819,BCI,TrainBCI,BCI_Command_Received,201,TrainObj1ActiveComplete"
87.75634560248363,11993.594729563132,"2026-05-17 16:43:58.819,BCI,TrainBCI,Training_Active_Door1_Start,Door_Single,Door:1:"
89.72104559764557,11995.559429558294,"2026-05-17 16:44:00.784,BCI,TrainBCI,Training_Active_Door1_End,Door_Single,Training_Active_Door1_End"
90.2296425963923,11996.06802655704,"2026-05-17 16:44:01.293,BCI,TrainBCI,Training_Imagery_Door1_Start,Door_Single,Training_Imagery_Door1_Start"
92.25350499140768,11998.091888952056,"2026-05-17 16:44:03.316,BCI,TrainBCI,BCI_Command_Received,203,TrainObj1ImageryComplete"
92.25360069140697,11998.091984652056,"2026-05-17 16:44:03.316,BCI,TrainBCI,Training_Imagery_Door1_Start,Door_Single,Door:1:"
94.24134478651104,12000.07972874716,"2026-05-17 16:44:05.304,BCI,TrainBCI,Training_Imagery_Door1_End,Door_Single,Training_Imagery_Door1_End"
94.24154138651102,12000.07992534716,"2026-05-17 16:44:05.304,BCI,TrainBCI,Active_Training_Door2_Start,Door_Double,Active_Training_Door2_Start"
98.24978887663929,12004.088172837288,"2026-05-17 16:44:09.313,BCI,TrainBCI,Active_Training_Door2_End,Door_Double,Active_Training_Door2_End"
98.75986677538094,12004.59825073603,"2026-05-17 16:44:09.823,BCI,TrainBCI,Image_Training_Door2_Start,Door_Double,Image_Training_Door2_Start"
102.76861466550872,12008.606998626157,"2026-05-17 16:44:13.832,BCI,TrainBCI,Image_Training_Door2_End,Door_Double,Image_Training_Door2_End"
102.76880646550671,12008.607190426155,"2026-05-17 16:44:13.832,BCI,TrainBCI,Active_Training_Door2_Start,Door_Double,Active_Training_Door2_Start"
106.77838825563049,12012.616772216279,"2026-05-17 16:44:17.841,BCI,TrainBCI,Active_Training_Door2_End,Door_Double,Active_Training_Door2_End"
107.2886781543748,12013.127062115023,"2026-05-17 16:44:18.352,BCI,TrainBCI,Image_Training_Door2_Start,Door_Double,Image_Training_Door2_Start"
111.29779114449957,12017.136175105148,"2026-05-17 16:44:22.361,BCI,TrainBCI,Image_Training_Door2_End,Door_Double,Image_Training_Door2_End"
111.29799034449934,12017.136374305148,"2026-05-17 16:44:22.361,BCI,TrainBCI,Active_Training_Door2_Start,Door_Double,Active_Training_Door2_Start"
115.30812273461925,12021.146506695268,"2026-05-17 16:44:26.371,BCI,TrainBCI,Active_Training_Door2_End,Door_Double,Active_Training_Door2_End"
115.80734653339096,12021.64573049404,"2026-05-17 16:44:26.870,BCI,TrainBCI,Image_Training_Door2_Start,Door_Double,Image_Training_Door2_Start"
119.81652202351506,12025.654905984164,"2026-05-17 16:44:30.880,BCI,TrainBCI,Image_Training_Door2_End,Door_Double,Image_Training_Door2_End"
119.81672332351445,12025.655107284163,"2026-05-17 16:44:30.880,BCI,TrainBCI,Active_Training_Door2_Start,Door_Double,Active_Training_Door2_Start"
123.82572111363879,12029.664105074287,"2026-05-17 16:44:34.889,BCI,TrainBCI,Active_Training_Door2_End,Door_Double,Active_Training_Door2_End"
124.33726861238029,12030.175652573029,"2026-05-17 16:44:35.400,BCI,TrainBCI,Image_Training_Door2_Start,Door_Double,Image_Training_Door2_Start"
128.34488180250992,12034.183265763158,"2026-05-17 16:44:39.408,BCI,TrainBCI,Image_Training_Door2_End,Door_Double,Image_Training_Door2_End"
128.3450853025097,12034.183469263158,"2026-05-17 16:44:39.408,BCI,TrainBCI,Active_Training_Door2_Start,Door_Double,Active_Training_Door2_Start"
132.35342669263628,12038.191810653285,"2026-05-17 16:44:43.416,BCI,TrainBCI,Active_Training_Door2_End,Door_Double,Active_Training_Door2_End"
132.8662236913715,12038.70460765202,"2026-05-17 16:44:43.929,BCI,TrainBCI,Image_Training_Door2_Start,Door_Double,Image_Training_Door2_Start"
136.8745471814982,12042.712931142147,"2026-05-17 16:44:47.938,BCI,TrainBCI,Image_Training_Door2_End,Door_Double,Image_Training_Door2_End"
136.87476408149814,12042.713148042147,"2026-05-17 16:44:47.938,BCI,TrainBCI,Active_Training_Door2_Start,Door_Double,Active_Training_Door2_Start"
140.8829879716268,12046.721371932275,"2026-05-17 16:44:51.946,BCI,TrainBCI,Active_Training_Door2_End,Door_Double,Active_Training_Door2_End"
141.38841537038024,12047.226799331029,"2026-05-17 16:44:52.451,BCI,TrainBCI,Image_Training_Door2_Start,Door_Double,Image_Training_Door2_Start"
145.39184596051928,12051.230229921168,"2026-05-17 16:44:56.455,BCI,TrainBCI,Image_Training_Door2_End,Door_Double,Image_Training_Door2_End"
145.39205416052027,12051.230438121169,"2026-05-17 16:44:56.455,BCI,TrainBCI,Active_Training_Door2_Start,Door_Double,Active_Training_Door2_Start"
149.40045795064543,12055.238841911294,"2026-05-17 16:45:00.463,BCI,TrainBCI,Active_Training_Door2_End,Door_Double,Active_Training_Door2_End"
149.91160714938633,12055.749991110035,"2026-05-17 16:45:00.975,BCI,TrainBCI,Image_Training_Door2_Start,Door_Double,Image_Training_Door2_Start"
153.9211627395107,12059.75954670016,"2026-05-17 16:45:04.984,BCI,TrainBCI,Image_Training_Door2_End,Door_Double,Image_Training_Door2_End"
153.92137313951025,12059.759757100159,"2026-05-17 16:45:04.984,BCI,TrainBCI,Active_Training_Door2_Start,Door_Double,Active_Training_Door2_Start"
157.9288456296381,12063.767229590287,"2026-05-17 16:45:08.992,BCI,TrainBCI,Active_Training_Door2_End,Door_Double,Active_Training_Door2_End"
158.44100002837877,12064.279383989027,"2026-05-17 16:45:09.504,BCI,TrainBCI,Image_Training_Door2_Start,Door_Double,Image_Training_Door2_Start"
162.4502842185011,12068.28866817915,"2026-05-17 16:45:13.513,BCI,TrainBCI,Image_Training_Door2_End,Door_Double,Image_Training_Door2_End"
162.45052201850012,12068.288905979149,"2026-05-17 16:45:13.513,BCI,TrainBCI,Active_Training_Door2_Start,Door_Double,Active_Training_Door2_Start"
166.4586381086301,12072.297022069279,"2026-05-17 16:45:17.522,BCI,TrainBCI,Active_Training_Door2_End,Door_Double,Active_Training_Door2_End"
166.9698505073684,12072.808234468017,"2026-05-17 16:45:18.033,BCI,TrainBCI,Image_Training_Door2_Start,Door_Double,Image_Training_Door2_Start"
170.97713639749963,12076.815520358148,"2026-05-17 16:45:22.040,BCI,TrainBCI,Image_Training_Door2_End,Door_Double,Image_Training_Door2_End"
170.9773379974995,12076.815721958148,"2026-05-17 16:45:22.040,BCI,TrainBCI,Active_Training_Door2_Start,Door_Double,Active_Training_Door2_Start"
174.98826508761886,12080.826649048267,"2026-05-17 16:45:26.051,BCI,TrainBCI,Active_Training_Door2_End,Door_Double,Active_Training_Door2_End"
175.49766188636386,12081.336045847012,"2026-05-17 16:45:26.561,BCI,TrainBCI,Image_Training_Door2_Start,Door_Double,Image_Training_Door2_Start"
179.5082655764836,12085.346649537132,"2026-05-17 16:45:30.571,BCI,TrainBCI,Image_Training_Door2_End,Door_Double,Image_Training_Door2_End"
179.50850057648495,12085.346884537134,"2026-05-17 16:45:30.571,BCI,TrainBCI,Train_End,Training Complete,Train_End"
180.2529553746499,12086.091339335298,"2026-05-17 16:45:31.316,BCI,TrainBCI,Hover_Enter,Button: NextTrainBCI,Hovering"
180.2532633746505,12086.091647335299,"2026-05-17 16:45:31.316,BCI,TrainBCI,Dwell_Start,Button: NextTrainBCI,Dwell_Started"
182.25134436972803,12088.089728330377,"2026-05-17 16:45:33.314,BCI,TrainBCI,Dwell,Button: NextTrainBCI,Dwelling_Completed"
182.2515603697284,12088.089944330377,"2026-05-17 16:45:33.314,BCI,TrainBCI,Flicker,NextTrainBCI,Flicker_Start"
184.26060636477814,12090.098990325427,"2026-05-17 16:45:35.324,BCI,TrainBCI,Flicker,NextTrainBCI,Flicker_End"
184.293278564699,12090.131662525348,"2026-05-17 16:45:35.356,BCI,TrainBCI,BCI_Command_Received,100,FlickerDetected"
184.2936042646961,12090.131988225345,"2026-05-17 16:45:35.356,BCI,TrainBCI,Action_Executed,Button: NextTrainBCI; Action: ButtonAction,Execution_Proceeding"
184.30428646467226,12090.14267042532,"2026-05-17 16:45:35.367,BCI,Test3D,Hover_Enter,Button: StartTestBCI,Hovering"
184.30450986467076,12090.14289382532,"2026-05-17 16:45:35.367,BCI,Test3D,Dwell_Start,Button: StartTestBCI,Dwell_Started"
185.02634256289275,12090.864726523541,"2026-05-17 16:45:36.089,BCI,Test3D,Hover_Exit,Button: StartTestBCI,Hover_Exit"
186.3163316597147,12092.154715620363,"2026-05-17 16:45:37.379,BCI,Test3D,Hover_Enter,Button: StartTestBCI,Hovering"
186.32668285968975,12092.165066820338,"2026-05-17 16:45:37.390,BCI,Test3D,Hover_Exit,Button: StartTestBCI,Hover_Exit"
186.44820605939094,12092.28659002004,"2026-05-17 16:45:37.511,BCI,Test3D,Hover_Enter,Button: StartTestBCI,Hovering"
187.4829462568432,12093.321330217492,"2026-05-17 16:45:38.546,BCI,Test3D,Hover_Exit,Button: StartTestBCI,Hover_Exit"
190.49098774943195,12096.32937171008,"2026-05-17 16:45:41.554,BCI,Test3D,Hover_Enter,Button: StartTestBCI,Hovering"
191.13469244784756,12096.973076408496,"2026-05-17 16:45:42.198,BCI,Test3D,Hover_Exit,Button: StartTestBCI,Hover_Exit"
191.51164924691875,12097.350033207567,"2026-05-17 16:45:42.575,BCI,Test3D,Hover_Enter,Button: StartTestBCI,Hovering"
193.5120853419903,12099.350469302639,"2026-05-17 16:45:44.575,BCI,Test3D,Dwell,Button: StartTestBCI,Dwelling_Completed"
193.51246984199133,12099.35085380264,"2026-05-17 16:45:44.575,BCI,Test3D,Flicker,StartTestBCI,Flicker_Start"
195.33266463750624,12101.171048598155,"2026-05-17 16:45:46.396,BCI,Test3D,Hover_Exit,Button: StartTestBCI,Hover_Exit"
195.4546814372061,12101.293065397855,"2026-05-17 16:45:46.518,BCI,Test3D,Hover_Enter,Button: StartTestBCI,Hovering"
195.4777127371508,12101.3160966978,"2026-05-17 16:45:46.541,BCI,Test3D,Hover_Exit,Button: StartTestBCI,Hover_Exit"
195.48937133712025,12101.327755297769,"2026-05-17 16:45:46.552,BCI,Test3D,Hover_Enter,Button: StartTestBCI,Hovering"
195.5219072370419,12101.36029119769,"2026-05-17 16:45:46.585,BCI,Test3D,Flicker,StartTestBCI,Flicker_End"
195.56563663693305,12101.404020597582,"2026-05-17 16:45:46.629,BCI,Test3D,BCI_Command_Received,100,FlickerDetected"
195.56593163693105,12101.40431559758,"2026-05-17 16:45:46.629,BCI,Test3D,Action_Executed,Button: StartTestBCI; Action: ButtonAction,Execution_Proceeding"
199.0461381283585,12104.884522089007,"2026-05-17 16:45:50.108,BCI,Test3D,Predict Door Imagery,eye closed,Predict_Start_Imagery"
199.046482428359,12104.884866389008,"2026-05-17 16:45:50.109,BCI,Test3D,start prediction,Button: Test3D,Start_Predict"
